Well_id,Na,Mg,Al,P,S,Ca,Fe,Mn,Deployment
42_2,10.190464427999999,2.6512504759999995,4.136427908,0,0,16.339934036,5.1799290796,1.23764786,1
42_3,5.590182147599999,1.1415931128,1.1461232442,0,0,15.638013592799998,5.31135255993,0.40318169460000003,1
42_4,2.8317731670000006,0.9287588448,0.16316033759999998,0,0,17.803302991200002,1.7406384093000005,0.0533408796,1
52_2,12.862901721599998,6.956467257600002,2.2406949792,1.078158672,0,24.3570106944,3.75292970784,5.822056828800001,1
52_3,9.602786464,3.5132145600000007,5.0736673604,0.2547080556,0,16.313026273600002,2.9884281351000004,1.3525876056000001,1
52_4,41.397651257999996,10.333236024000001,0,0.04977474000000005,119.45937600000018,41.76100686,2.4419487444,1.0850893320000004,1
86_2,8.844076612799999,2.9583333192000003,2.31925086,0.9380081256000001,0,20.739256579199996,7.86638352804,0.4329268271999999,1
86_3,8.305232499199999,3.0877056391999997,2.5606016436,0.037459167200000025,0,11.529396533200002,1.8615868271,0.575265782,1
86_4,14.367905041599997,2.1333495568,0.8545965824,0.08168937920000016,21.993294400000053,12.2911096704,0.9695900931199998,0.18223015359999997,1
